{
    "HDRdisplays": 
        {
            "none": {"shape": [2160, 3840], "scaling": 1, "post": "", "tag": "none"}, 
            "vesaDisplayHDR1000": {"shape": [2160, 3840], "scaling": 12, "post": "_vesa_DISPLAY_HDR_1000", "tag": "vesaDisplayHDR1000"}, 
            "vesaDisplayHDR400": {"shape": [2160, 3840], "scaling": 4.8, "post": "_vesa_DISPLAY_HDR_400", "tag": "vesaDisplayHDR400"}, 
            "HLG1": {"shape": [2160, 3840], "scaling": 1, "post": "_HLG_1", "tag": "HLG1"}
        }, 
    "HDRdisplay": "vesaDisplayHDR1000", 
    "imagePath": "./images",
    "extraPath": ".uHDR",
    "thumbnailPrefix": "_",
    "thumbnailMaxSize": 800,
    "imgExt": [".jpg", ".JPG",".hdr", ".HDR"],
    "tags": ["light.tags","scene.tags"],


    "gui": {"gallerySize": [2,2]}


}